{"slope": 0.7873855233192444, "intercept": -0.005156739614903927}