{"slope": 0.7639018297195435, "intercept": -0.097859688103199}